title,link,address,deadline,salary
Spanish Teacher - High Schools (Multiple Sites) (25/26),https://www.edjoin.org/Home/JobPosting/2078223,"San Juan Unified School District - Carmichael, Sacramento County, CA",5/3/2025 11:55 am,Pay dependent on experience
Elementary Teacher (Multiple Subject) - Elementary Schools (Multiple Sites) - SY 25/26,https://www.edjoin.org/Home/JobPosting/2078208,"San Juan Unified School District - Carmichael, Sacramento County, CA",5/3/2025 11:55 am,Pay dependent on experience
Deaf and Hard of Hearing Teacher -Multiple Vacancies - SY 25/26,https://www.edjoin.org/Home/JobPosting/2078200,"San Juan Unified School District - Carmichael, Sacramento County, CA",5/3/2025 11:55 am,Pay dependent on experience
Para Educator - Inclusion - 0.25 FTE - CL#28 Nesbit Elementary,https://www.edjoin.org/Home/JobPosting/2026604,"Belmont-Redwood Shores Elementary - Belmont, San Mateo County, CA",Until Filled,$22.65 - $26.24  Per Hour
Speech Language Pathologist- Special Ed Offices - SY 25/26,https://www.edjoin.org/Home/JobPosting/2078229,"San Juan Unified School District - Carmichael, Sacramento County, CA",5/3/2025 11:55 am,Pay dependent on experience
"Para Educator - Inclusion - 0.5 FTE - Nesbit & Redwood Shores Elementary CL#33, CL#36",https://www.edjoin.org/Home/JobPosting/2039902,"Belmont-Redwood Shores Elementary - Belmont, San Mateo County, CA",Until Filled,$22.65 - $26.24  Per Hour
Para Educator - Inclusion - 0.625 FTE - Central Elementary CL#25,https://www.edjoin.org/Home/JobPosting/2014030,"Belmont-Redwood Shores Elementary - Belmont, San Mateo County, CA",Until Filled,$22.65 - $26.24  Per Hour
Teacher - PE at Matt Garcia Career and College Academy (4687) (2025/2026) School Year),https://www.edjoin.org/Home/JobPosting/2077618,"Fairfield-Suisun Unified - Fairfield, Solano County, CA",5/2/2025 11:55 am,Pay dependent on experience
Teacher - Math at Armijo High School (547) (2025/2026 School Year),https://www.edjoin.org/Home/JobPosting/2077617,"Fairfield-Suisun Unified - Fairfield, Solano County, CA",5/2/2025 04:30 am,Pay dependent on experience
High School Teacher (Math),https://www.edjoin.org/Home/JobPosting/1622768,"Southlands Christian Schools - Rowland Heights, Los Angeles County, CA",8/2/2025 11:55 am,Pay dependent on experience
Special Education Teacher-Mild/Moderate Support Needs,https://www.edjoin.org/Home/JobPosting/2077826,"Pleasant Ridge Union Elementary School District - Grass Valley, Nevada County, CA",Until Filled,Pay dependent on experience
Secondary English Teacher Pool,https://www.edjoin.org/Home/JobPosting/2052999,"Palo Alto Unified School District - Palo Alto, Santa Clara County, CA",Until Filled,Pay dependent on experience
"TEACHER - SOCIAL SCIENCE (US History)- TEMPORARY, 0.4 FTE, Middle College/DeAnza, 25/26 SY",https://www.edjoin.org/Home/JobPosting/2077849,"Fremont Union High School District - Sunnyvale, Santa Clara County, CA",5/3/2025 04:00 am,"$105,395.00 prorated - $177,052.00 proprated  Annually"
Substitute Teacher Eligibility Pool: Early Childhood Education Department (2024-25),https://www.edjoin.org/Home/JobPosting/1921948,"Oakland Unified School District - Oakland, Alameda County, CA",7/1/2025 11:55 am,$337.07  Daily
Music Teacher 2025-2026 School Year,https://www.edjoin.org/Home/JobPosting/2078162,"Modesto Christian School - Modesto, Stanislaus County, CA",Until Filled,"$45,000  Annually"
Teacher - Math at B. Gale Wilson (112) (2025/2026 School Year),https://www.edjoin.org/Home/JobPosting/2077620,"Fairfield-Suisun Unified - Fairfield, Solano County, CA",5/2/2025 04:30 am,Pay dependent on experience
2025-26 Biology Teacher,https://www.edjoin.org/Home/JobPosting/2040892,"LA Promise Fund/Westbrook Academy - South Gate, Los Angeles County, CA",7/1/2025 11:55 am,"$60,000 - $111,618  Annually"
"Teacher, Early Intervention Specialist - ACOE Infant Program (Starting in the 2025-2026 School Year)",https://www.edjoin.org/Home/JobPosting/2077837,"Alameda County Office Of Education - Hayward, Alameda County, CA",Until Filled,"$77,553.42 - $147,709.80  Annually"
Music Teacher 2025-2026 School Year,https://www.edjoin.org/Home/JobPosting/2078175,"Modesto Christian School - Modesto, Stanislaus County, CA",Until Filled,"$45,000  Annually"
Private Teacher (Full-Time) – Chippingford School,https://www.edjoin.org/Home/JobPosting/2077647,"California Private Teachers - Los Angeles - , Los Angeles County, CA",6/26/2025 11:55 am,$100k +  Annually
Special Day Class Teacher - Moderate/Severe Program (2025 – 2026),https://www.edjoin.org/Home/JobPosting/2077600,"Marin County Office Of Education - San Rafael, Marin County, CA",5/10/2025 05:00 am,Pay dependent on experience
2025-26 Physics Teacher,https://www.edjoin.org/Home/JobPosting/2042619,"LA Promise Fund/Westbrook Academy - South Gate, Los Angeles County, CA",7/1/2025 11:55 am,"$60,000 - $111,618  Annually"
Certificated Substitute Teacher,https://www.edjoin.org/Home/JobPosting/2078207,"Coast Unified - Cambria, San Luis Obispo County, CA",7/1/2025 11:55 am,$180/Day   Daily
2025-26 Art Teacher,https://www.edjoin.org/Home/JobPosting/2077861,"LA Promise Fund/Westbrook Academy - South Gate, Los Angeles County, CA",7/1/2025 11:55 am,"$60,000 - $111,618  Annually"
Teacher - PE at B. Gale WIlson Middle School (4905) (2025/2026) School Year),https://www.edjoin.org/Home/JobPosting/2077619,"Fairfield-Suisun Unified - Fairfield, Solano County, CA",5/2/2025 11:55 am,Pay dependent on experience
"Adult Education Teacher - Basic Education, #140",https://www.edjoin.org/Home/JobPosting/2073094,"Redondo Beach Unified School District - Redondo Beach, Los Angeles County, CA",Until Filled,$48.20 - $64.59  Per Hour
Chemistry Teacher (2025-26 School Year) -$10K Signing Bonus,https://www.edjoin.org/Home/JobPosting/2069761,"Synergy Academies - LOS ANGELES, Los Angeles County, CA",7/1/2025 11:55 am,"$68,850 - $105,790  Annually"
P.E. Teacher - PUC CALS Early College High School,https://www.edjoin.org/Home/JobPosting/2061662,"Partnerships to Uplift Communities (PUC) Schools - Burbank, Los Angeles County, CA",Until Filled,"$65,000 - $115,669   Annually"
Mathematics Teacher #135 - Calaveras High School,https://www.edjoin.org/Home/JobPosting/2027952,"Calaveras Unified School District - Valley Springs, Calaveras County, CA",Until Filled,"$56,355 - $114,528  Annually"
3rd Grade Teacher - Rucker Elementary. TEMP position,https://www.edjoin.org/Home/JobPosting/2077680,"Gilroy Unified - Gilroy, Santa Clara County, CA",Until Filled,Pay dependent on experience
25/26 Certificated 6th Grade Teacher,https://www.edjoin.org/Home/JobPosting/2077631,"Sonora Elementary School District - Sonora, Tuolumne County, CA",Until Filled,"$52,586.00 - $92,215.00  Annually"
Social Studies Teacher,https://www.edjoin.org/Home/JobPosting/2023488,"Aspire Public Schools - San Joaquin County - Stockton, San Joaquin County, CA",Until Filled,"$66,560 - $114,206  Annually"
Math / Science Teacher - Aspire Public Schools - Sacramento,https://www.edjoin.org/Home/JobPosting/1645381,"Aspire Public Schools - Sacramento County - Sacramento, Sacramento County, CA",Until Filled,"$66,560 - $114,206  Annually"
PE Teacher / Head Football Coach Entrepreneur High School - San Bernardino,https://www.edjoin.org/Home/JobPosting/2050850,"REAL Journey Academies (K-12 Public Charter Schools) - Ontario, San Bernardino County, CA",Continuous,61000.00 - 85072.00  Annually
Teacher: 4th/5th Grade Combo - Sequoia Elementary (2025-26),https://www.edjoin.org/Home/JobPosting/2077850,"Oakland Unified School District - Oakland, Alameda County, CA",Until Filled,"$62,695.25 - $109,878.22  Annually"
English Language Development (ELD) Support Teacher,https://www.edjoin.org/Home/JobPosting/1986255,"Aspire Public Schools - Sacramento County - Sacramento, Sacramento County, CA",Until Filled,"$66,560 - $117,632  Annually"
"Art Teacher - Aspire Public Schools, Sacramento",https://www.edjoin.org/Home/JobPosting/2023481,"Aspire Public Schools - Sacramento County - Sacramento, Sacramento County, CA",Until Filled,"$66,560 - $114,245  Annually"
Education Specialist Teacher (RSP),https://www.edjoin.org/Home/JobPosting/2077904,"San Lorenzo Valley Unified - Ben Lomond, Santa Cruz County, CA",6/30/2025 11:30 pm,"$59,739 - $115,555  Annually"
Middle School Humanities Teacher - Aspire Public Schools - Modesto,https://www.edjoin.org/Home/JobPosting/2023480,"Aspire Public Schools - Stanislaus County - Modesto, Stanislaus County, CA",Until Filled,Pay dependent on experience
"Teacher Eligibility Pool: Single Subject Science, Chemistry (2025-26)",https://www.edjoin.org/Home/JobPosting/1517408,"Oakland Unified School District - Oakland, Alameda County, CA",Continuous,"$62,695.25 - $109,878.22   Annually"
"Teacher: Math, Algebra - Coliseum College Prep Academy Middle-High School (2025-26)",https://www.edjoin.org/Home/JobPosting/2064915,"Oakland Unified School District - Oakland, Alameda County, CA",Continuous,"$62,695.25 - $109,878.22   Annually"
"Teacher: Special Education, Science Mild/Moderate SDC - Fremont High School (2025-26)",https://www.edjoin.org/Home/JobPosting/2064949,"Oakland Unified School District - Oakland, Alameda County, CA",Continuous,"$62,695.25 - $109,878.22   Annually"
"Teacher: Social Science, 6th & 7th Grades - Coliseum College Prep Academy Middle-High School (2025-26)",https://www.edjoin.org/Home/JobPosting/2056959,"Oakland Unified School District - Oakland, Alameda County, CA",Continuous,"$62,695.25 - $109,878.22   Annually"
"Teacher: Special Education, Mild/Moderate RSP - Oakland High School (2025-26)",https://www.edjoin.org/Home/JobPosting/2062909,"Oakland Unified School District - Oakland, Alameda County, CA",Continuous,"$62,695.25 - $109,878.22   Annually"
"Teacher: Special Education, SDC M/M, K-2 - Manzanita Community (2024-25)",https://www.edjoin.org/Home/JobPosting/2055530,"Oakland Unified School District - Oakland, Alameda County, CA",Continuous,"$62,695.25 - $109,878.22   Annually"
Transitional Kindergarten and Elementary School Classroom Teacher,https://www.edjoin.org/Home/JobPosting/2078093,"Goethe International Charter School - Los Angeles, Los Angeles County, CA",Until Filled,Pay dependent on experience
"Teacher, Temporary: Special Education, Preschool Moderate/Extensive SDC - Harriet Tubman Early Childhood Education (2025-26)",https://www.edjoin.org/Home/JobPosting/2075606,"Oakland Unified School District - Oakland, Alameda County, CA",Continuous,"$62,695.25 - $109,878.22   Annually"
"Teacher: Special Education, Mild/Moderate RSP - West Oakland Middle School (2025-26)",https://www.edjoin.org/Home/JobPosting/2075798,"Oakland Unified School District - Oakland, Alameda County, CA",Continuous,"62,695.65 - $109,878.22  Annually"
Teacher: Math - Life Academy Middle-High School (2025-26),https://www.edjoin.org/Home/JobPosting/2065614,"Oakland Unified School District - Oakland, Alameda County, CA",Continuous,"$62,695.25 - $109,878.22   Annually"
Adapted Physical Education Teacher (APE),https://www.edjoin.org/Home/JobPosting/2078165,"Cross Country Education - , Los Angeles County, CA",6/26/2025 11:55 am,$46 - $52  Per Hour
"2025-26 Enrichment Teacher: Art (Part-Time, Hourly) at Sycamore Valley Academy",https://www.edjoin.org/Home/JobPosting/2078192,"The Academies CMO (Sycamore Valley Academy, Blue Oak Academy) - Visalia, Tulare County, CA",5/10/2025 11:55 am,22.65 - 44.02  Per Hour
2025-2026 3rd Grade Teacher- Westfield Village Elementary,https://www.edjoin.org/Home/JobPosting/2078106,"Washington Unified School District - W.Sac - West Sacramento, Yolo County, CA",5/10/2025 04:00 am,"$49,968 - $113,715  Annually"
Teacher: 1st Grade - Martin Luther King Jr Elementary (2025-26),https://www.edjoin.org/Home/JobPosting/2075939,"Oakland Unified School District - Oakland, Alameda County, CA",Until Filled,"$62,695.25 - $109,878.22  Annually"
Teacher: Early Childhood Education - International Early Childhood Education (2025-26),https://www.edjoin.org/Home/JobPosting/2075602,"Oakland Unified School District - Oakland, Alameda County, CA",Until Filled,"32,621.70 - 88,554.4  Annually"
World Language Teacher - Spanish (2025-26 School Year),https://www.edjoin.org/Home/JobPosting/2015279,"Alliance College-Ready Public Schools - Los Angeles, Los Angeles County, CA",Until Filled,"$70,000 - $130,000  Annually"
Physical Education Teacher (2024-25 School Year),https://www.edjoin.org/Home/JobPosting/2035959,"Alliance College-Ready Public Schools - Los Angeles, Los Angeles County, CA",Until Filled,"$70,000 - $130,000  Annually"
Science Teacher - Biology and Anatomy,https://www.edjoin.org/Home/JobPosting/2078305,"Ontario Christian School - Ontario, San Bernardino County, CA",4/26/2026 11:55 am,"50,000 - 80,000  Annually"
Middle School Math Teacher (Grades 7 & 8),https://www.edjoin.org/Home/JobPosting/2076889,"The School of Arts and Enterprise - Pomona, Los Angeles County, CA",5/3/2025 11:55 am,"56,000 - 110,728  Annually"
Middle School Music Teacher,https://www.edjoin.org/Home/JobPosting/2020113,"AIMS K12 College Prep Charter District - Oakland, Alameda County, CA",Until Filled,61882.00 - 68189.00  Annually
Math Teacher (25/26 School Year),https://www.edjoin.org/Home/JobPosting/2049866,"Environmental Charter Schools - , Los Angeles County, CA",Until Filled,"$64,264 - $105,707  Annually"
Middle School Biology Teacher (Green Ambassador Program),https://www.edjoin.org/Home/JobPosting/1956376,"Environmental Charter Schools - , Los Angeles County, CA",Until Filled,Pay dependent on experience
"Moderate/Severe Teacher, Pine Grove STEM Magnet School, 1 FTE, 2025-2026",https://www.edjoin.org/Home/JobPosting/2077674,"Amador County Office Of Education - Jackson, Amador County, CA",Until Filled,Pay dependent on experience
PreSchool Teacher - American Lakes School,https://www.edjoin.org/Home/JobPosting/2077764,"Natomas Unified School District - Sacramento, Sacramento County, CA",Until Filled,"$56,265 - $121,338  Annually"
High School Math/Chemistry Teacher - Lincoln High School,https://www.edjoin.org/Home/JobPosting/2077784,"Western Placer Unified School District - Lincoln, Placer County, CA",5/10/2025 04:00 am,Pay dependent on experience
US History and Government Teacher 25-26 SY,https://www.edjoin.org/Home/JobPosting/2077804,"Amethod Public Schools - Richmond, Alameda County, CA",8/1/2025 11:55 am,"$65,000 - $94,500  Annually"
Chemistry Teacher - Langston Hughes Academy,https://www.edjoin.org/Home/JobPosting/2024638,"Aspire Public Schools - San Joaquin County - Stockton, San Joaquin County, CA",Until Filled,"$66,560 - $114,206  Annually"
Education Specialist / Special Education Teacher (Mild/Moderate; N. County San Diego),https://www.edjoin.org/Home/JobPosting/2054216,"Element Education: Community Montessori & Dimensions Collaborative Charter Schools (San Diego County) - Escondido, San Diego County, CA",Until Filled,"$59,000 - $102,812  Annually"
Substitute Teacher $220/day | TK - 12 Grades | (applicant pool 25-26 SY) Fontana -San Bernardino and Moreno Valley,https://www.edjoin.org/Home/JobPosting/1953801,"REAL Journey Academies (K-12 Public Charter Schools) - Ontario, San Bernardino County, CA",Continuous,Pay dependent on experience
"Teacher / Educational Facilitator (Full-Time, Primary - TK/K, Montessori, Santee)",https://www.edjoin.org/Home/JobPosting/2077400,"Element Education: Community Montessori & Dimensions Collaborative Charter Schools (San Diego County) - Escondido, San Diego County, CA",Until Filled,"$59,000 - $102,812  Annually"
.20 FTE 9-12 Art Teacher ~ for the 2025-2026 School Year ~ IN/OUT DISTRICT APPLICANTS,https://www.edjoin.org/Home/JobPosting/2077812,"Paradise Unified - Paradise, Butte County, CA",5/10/2025 02:00 am,Pay dependent on experience
Multi-Subject TK - 6th Grade Teacher - The Journey School (applicant pool 25-26 SY),https://www.edjoin.org/Home/JobPosting/2035376,"REAL Journey Academies (K-12 Public Charter Schools) - Ontario, San Bernardino County, CA",Continuous,Pay dependent on experience
Physical Education Teacher - Middle School/K8,https://www.edjoin.org/Home/JobPosting/2077872,"Irvine Unified School District - Irvine, Orange County, CA",5/3/2025 11:55 am,Pay dependent on experience
25/26 3rd-5th Science Teacher (Cox),https://www.edjoin.org/Home/JobPosting/2069956,"Education for Change Public Schools - EFC - Oakland, Alameda County, CA",7/2/2025 11:55 am,"$63,125.00 - $105,670.00  Annually"
Social Studies Teacher,https://www.edjoin.org/Home/JobPosting/2023487,"Aspire Public Schools - Sacramento County - Sacramento, Sacramento County, CA",Until Filled,"$66,560 - $114,206  Annually"
25/26 Kindergarten Teacher (LWL),https://www.edjoin.org/Home/JobPosting/2055435,"Education for Change Public Schools - EFC - Oakland, Alameda County, CA",5/2/2025 11:55 am,"$63,125.00 - $105,670.00  Annually"
"Secondary School Teacher, Math (25-26) - Lost Hills, CA",https://www.edjoin.org/Home/JobPosting/2055994,"Wonderful College Prep Academy - Kern - Delano, Kern County, CA",Until Filled,"$68,969.69 - $113,824.10  Annually"
"Primary School Teacher, TK (2025 - 2026) - Delano, CA",https://www.edjoin.org/Home/JobPosting/2070477,"Wonderful College Prep Academy - Kern - Delano, Kern County, CA",Until Filled,"$66,745.12 - $110,152.35  Annually"
Elementary Advising Teacher,https://www.edjoin.org/Home/JobPosting/2078005,"Western Sierra Charter Schools - Oakhurst, Madera County, CA",5/6/2025 11:55 am,"$57,311 - $70,994  Annually"
6-8 Female P.E./Dance Teacher,https://www.edjoin.org/Home/JobPosting/2077547,"Paramount Unified School District - Paramount, Los Angeles County, CA",5/6/2025 11:55 am,"$73,292 - $138,335  Annually"
2025 - 2026 2nd Grade Elementary Teacher,https://www.edjoin.org/Home/JobPosting/2077979,"Wilsona Elementary - Palmdale, Los Angeles County, CA",5/10/2025 03:00 am,Pay dependent on experience
"Teacher Eligibility Pool: Single Subject Science, Biology (2025-26)",https://www.edjoin.org/Home/JobPosting/1517396,"Oakland Unified School District - Oakland, Alameda County, CA",Continuous,"$62,695.25 - $109,878.22   Annually"
Elementary Advising Teacher,https://www.edjoin.org/Home/JobPosting/2078005,"Western Sierra Charter Schools - Oakhurst, Madera County, CA",5/6/2025 11:55 am,"$57,311 - $70,994  Annually"
"Teacher: Prep, Instructional Technology/Intervention (0.4 FTE) - Carl B Munck Elementary School -(2024-25)",https://www.edjoin.org/Home/JobPosting/2007684,"Oakland Unified School District - Oakland, Alameda County, CA",Continuous,"$62,695.25 - $109,878.22  Annually"
"Teacher Eligibility Pool: Elementary School, Bilingual Spanish Multiple Subjects (2025-26)",https://www.edjoin.org/Home/JobPosting/2023890,"Oakland Unified School District - Oakland, Alameda County, CA",Continuous,"$62,695.25 - $109,878.22   Annually"
25-26 Elementary School Teacher,https://www.edjoin.org/Home/JobPosting/2070241,"Watts Learning Center - Los Angeles, Los Angeles County, CA",7/12/2025 11:55 am,"$61,000 - $126,000  Annually"
Teacher: Biology - Castlemont High School (2025-26),https://www.edjoin.org/Home/JobPosting/2064733,"Oakland Unified School District - Oakland, Alameda County, CA",Continuous,"$62,695.25 - $109,878.22   Annually"
Teacher: Performing Arts - Castlemont High School (2025-26),https://www.edjoin.org/Home/JobPosting/2064738,"Oakland Unified School District - Oakland, Alameda County, CA",Continuous,"$62,695.25 - $109,878.22   Annually"
Teacher: Social Science - McClymonds High School (2025-26),https://www.edjoin.org/Home/JobPosting/2064925,"Oakland Unified School District - Oakland, Alameda County, CA",Continuous,"$62,695.25 - $109,878.22   Annually"
Teacher: Computer Science - Elmhurst United Middle School (2025-26),https://www.edjoin.org/Home/JobPosting/2075777,"Oakland Unified School District - Oakland, Alameda County, CA",Continuous,"$62,695.25 - $109,878.22   Annually"
Teacher: English - Montera Middle School (2025-26),https://www.edjoin.org/Home/JobPosting/2075783,"Oakland Unified School District - Oakland, Alameda County, CA",Continuous,"$62,695.25 - $109,878.22   Annually"
"Teacher: Special Education, Mild/Moderate RSP - Edna Brewer Middle School (2025-26)",https://www.edjoin.org/Home/JobPosting/2075788,"Oakland Unified School District - Oakland, Alameda County, CA",Continuous,"$62,695.25 - $109,878.22   Annually"
Teacher: Math - Edna Brewer Middle School (2025-26),https://www.edjoin.org/Home/JobPosting/2075789,"Oakland Unified School District - Oakland, Alameda County, CA",Continuous,"$62,695.25 - $109,878.22   Annually"
"Teacher: Special Education, Mild/Moderate SDC; 3rd - 5th Grade - Allendale Elementary (2025-26)",https://www.edjoin.org/Home/JobPosting/2075800,"Oakland Unified School District - Oakland, Alameda County, CA",Continuous,"$62,695.25 - $109,878.22   Annually"
Teacher: Newcomer Math: 6th Grade - Westlake Middle School (2025-26),https://www.edjoin.org/Home/JobPosting/2076173,"Oakland Unified School District - Oakland, Alameda County, CA",Continuous,"$62,695.25 - $109,878.22  Annually"
Teacher Librarian Eligibility Pool (2025-26),https://www.edjoin.org/Home/JobPosting/1897087,"Oakland Unified School District - Oakland, Alameda County, CA",Until Filled,"63,286.15 - 112,977.38  Annually"
Teacher: Tk-5th Grade - Acorn Woodland Elementary (2025-26),https://www.edjoin.org/Home/JobPosting/2055545,"Oakland Unified School District - Oakland, Alameda County, CA",Until Filled,"$62,695.25 - $109,878.22   Annually"
English Teacher - De Anza High School - Starting School Year 2025-2026,https://www.edjoin.org/Home/JobPosting/2077989,"West Contra Costa Unified School District - Richmond, Contra Costa County, CA",Until Filled,"$58,572.72 - $119,756.51  Annually"
English Teacher - Richmond High School - Starting School Year 2025-2026,https://www.edjoin.org/Home/JobPosting/2078009,"West Contra Costa Unified School District - Richmond, Contra Costa County, CA",Until Filled,"$58,572.72 - $119,756.51  Annually"
2025-26 English Teacher (9-12),https://www.edjoin.org/Home/JobPosting/2077851,"Garden Grove Unified School District - Garden Grove, Orange County, CA",5/10/2025 05:00 am,"$72,504.00 - $141,634.00  Annually"
Art Teacher - Heron School,https://www.edjoin.org/Home/JobPosting/2078273,"Natomas Unified School District - Sacramento, Sacramento County, CA",Until Filled,"$56,265 - $121,338  Annually"
Art Teacher - Heron School,https://www.edjoin.org/Home/JobPosting/2078273,"Natomas Unified School District - Sacramento, Sacramento County, CA",Until Filled,"$56,265 - $121,338  Annually"
Learning Center Teacher (Mild/Moderate) - CR#2 SHORT TERM TEMP POSITION,https://www.edjoin.org/Home/JobPosting/2073932,"Belmont-Redwood Shores Elementary - Belmont, San Mateo County, CA",Until Filled,"$69,896 - $118,494  Annually"
"Visual and Performing Arts Teacher (Music, Drama, or Art)",https://www.edjoin.org/Home/JobPosting/2069176,"River Delta Unified School District - RIO VISTA, Sacramento County, CA",Until Filled,"$61,629.00 - $109,766.00  Annually"
Cabrillo School - Pacifica Project Pipeline Career & Technical Education (CTE) Elective Teacher,https://www.edjoin.org/Home/JobPosting/2077610,"Pacifica School District - Pacifica, San Mateo County, CA",Until Filled,"$56,940 - $97,453  Annually"
"Teacher's Aide: Assistant Classroom Educator (ACE), Santa Ana Student Center",https://www.edjoin.org/Home/JobPosting/2077622,"Springs Charter Schools - , Orange County, CA",5/19/2025 11:59 am,$18.85 - $20.00  Per Hour
Special Education Teacher(Mild to Moderate Support Needs) - High School (2025-26 School Year),https://www.edjoin.org/Home/JobPosting/2071543,"Synergy Academies - LOS ANGELES, Los Angeles County, CA",7/1/2025 11:55 am,"$68,850 - $105,790  Annually"
Paraprofessional / Teacher's Assistant,https://www.edjoin.org/Home/JobPosting/2001765,"Environmental Charter Schools - , Los Angeles County, CA",Until Filled,$19 - $24.48  Per Hour
"Transitional Kindergarten Teacher - Aspire Public Schools, Stockton",https://www.edjoin.org/Home/JobPosting/2023491,"Aspire Public Schools - San Joaquin County - Stockton, San Joaquin County, CA",Until Filled,"$66,560 - $114,245  Annually"
Multi-Subject TK - 5th Grade Teacher- iEmpire Academy (applicant pool 25-26 SY),https://www.edjoin.org/Home/JobPosting/2019935,"REAL Journey Academies (K-12 Public Charter Schools) - Ontario, San Bernardino County, CA",Continuous,Pay dependent on experience
Elementary Teacher- Aspire Public Schools (Modesto),https://www.edjoin.org/Home/JobPosting/991542,"Aspire Public Schools - Stanislaus County - Modesto, Stanislaus County, CA",Until Filled,Pay dependent on experience
Math/Science Teacher- Aspire Public Schools (Modesto),https://www.edjoin.org/Home/JobPosting/1251594,"Aspire Public Schools - Stanislaus County - Modesto, Stanislaus County, CA",Until Filled,"$66,560 - $114,206  Annually"
25/26 High School Math Teacher (Latitude),https://www.edjoin.org/Home/JobPosting/2063059,"Education for Change Public Schools - EFC - Oakland, Alameda County, CA",7/2/2025 11:55 am,"$67,125.00 - $110,169.00   Annually"
Credentialed Teacher - Intervention Specialist - 2025/26 SY,https://www.edjoin.org/Home/JobPosting/2077874,"Visions In Education Charter School - Sacramento - Carmichael, Sacramento County, CA",5/9/2025 11:55 am,"$65,259 - $118,103  Annually"
Transitional Kindergarten Teacher - Bannon Creek School,https://www.edjoin.org/Home/JobPosting/2077922,"Natomas Unified School District - Sacramento, Sacramento County, CA",Until Filled,"$56,265 - $121,338  Annually"
2025 - 2026 5th Grade Elementary Teacher,https://www.edjoin.org/Home/JobPosting/2077997,"Wilsona Elementary - Palmdale, Los Angeles County, CA",5/10/2025 03:00 am,Pay dependent on experience
"Teacher (TK-8th Grade, PE) @ Gateway International School",https://www.edjoin.org/Home/JobPosting/2078048,"Gateway Community Charters - McClellan , Sacramento County, CA",Until Filled,"$60,000 - $108,110  Annually"
Elementary 5th Grade Teacher 1.0 FTE Marshall 2025/2026,https://www.edjoin.org/Home/JobPosting/2078007,"Castro Valley Unified School District - Castro Valley, Alameda County, CA",Until Filled,"$70,374 - $141,339  Annually"
"Teacher Eligibility Pool: Special Education, Early Childhood Education - Burbank Childhood Development Center (2025-26)",https://www.edjoin.org/Home/JobPosting/1701756,"Oakland Unified School District - Oakland, Alameda County, CA",Continuous,"$62,695.25 - $109,878.22   Annually"
Teacher Pool - Various Sites - 2025/2026 SY,https://www.edjoin.org/Home/JobPosting/2077945,"Mountain Empire Unified - Pine Valley, San Diego County, CA",Until Filled,Pay dependent on experience
"TK Teacher- SCVi, Santa Clarita (25/26 School Year)",https://www.edjoin.org/Home/JobPosting/2078096,"iLEAD Charter Schools - Castaic, Lancaster and/or SFValley, Los Angeles County, CA",5/6/2025 04:30 am,"$62,920 - $82,000.00  Annually"
"Teacher: Special Education, Social Science Mild/Moderate SDC - Fremont High School (2025-26)",https://www.edjoin.org/Home/JobPosting/2064938,"Oakland Unified School District - Oakland, Alameda County, CA",Continuous,"$62,695.25 - $109,878.22   Annually"
Teacher: Credit Recovery Intervention - Sojourner Truth Academy Independent Study (2025-26),https://www.edjoin.org/Home/JobPosting/2062915,"Oakland Unified School District - Oakland, Alameda County, CA",Continuous,"$62,695.25 - $109,878.22   Annually"
Teacher for Students with Extensive Support Needs - Center High School,https://www.edjoin.org/Home/JobPosting/2078103,"Sacramento County Office Of Education - Sacramento, Sacramento County, CA",Until Filled,"$67,064 - $113,070  Annually"
Middle School Social Science Teacher,https://www.edjoin.org/Home/JobPosting/2078166,"Guajome Park Academy - Vista, San Diego County, CA",Until Filled,Pay dependent on experience
"Teacher: Special Education, Mild/Moderate RSP - Urban Promise Academy Middle School (2025-26)",https://www.edjoin.org/Home/JobPosting/2075799,"Oakland Unified School District - Oakland, Alameda County, CA",Continuous,"$62,695.25 - $109,878.22   Annually"
"Teacher: Math, 7th/8th Grade - Westlake Middle School (2025-26)",https://www.edjoin.org/Home/JobPosting/2076169,"Oakland Unified School District - Oakland, Alameda County, CA",Continuous,"$62,695.25 - $109,878.22  Annually"
"Teacher: Special Education, Mild/Moderate Self-Contained Program - McClymonds High School (2025-26)",https://www.edjoin.org/Home/JobPosting/2072222,"Oakland Unified School District - Oakland, Alameda County, CA",Continuous,"$62,695.25 - $109,878.22   Annually"
Teacher: Spanish - McClymonds High School (2025-26),https://www.edjoin.org/Home/JobPosting/2072228,"Oakland Unified School District - Oakland, Alameda County, CA",Continuous,"$62,695.25 - $109,878.22   Annually"
"Teacher: History, 7th/8th Grade - Westlake Middle School (2025-26)",https://www.edjoin.org/Home/JobPosting/2076198,"Oakland Unified School District - Oakland, Alameda County, CA",Continuous,"$62,695.25 - $109,878.22  Annually"
"Teacher: Math, Algebra 1 & Geometry - MetWest High School (2025-26)",https://www.edjoin.org/Home/JobPosting/2065617,"Oakland Unified School District - Oakland, Alameda County, CA",Continuous,"$62,695.25 - $109,878.22   Annually"
Classroom Teacher on Special Assignment (12 Months) - Talent Division (2025-26),https://www.edjoin.org/Home/JobPosting/2051376,"Oakland Unified School District - Oakland, Alameda County, CA",Until Filled,"68,762.98 - 120,511.60  Annually"
"21129 - PCN156 Teacher: Special Education, Mild/Moderate RSP; 0.8 FTE - Glenview Elementary (2025-26)",https://www.edjoin.org/Home/JobPosting/2075927,"Oakland Unified School District - Oakland, Alameda County, CA",Until Filled,"$62,695.25 - $109,878.22  Annually"
Teacher: 1st Grade - Chabot Elementary (2025-26),https://www.edjoin.org/Home/JobPosting/2059264,"Oakland Unified School District - Oakland, Alameda County, CA",Until Filled,"$62,695.25 - $109,878.22  Annually"
Music Teacher (General Music Emphasis),https://www.edjoin.org/Home/JobPosting/2078258,"Newhall School District - Valencia, Los Angeles County, CA",Until Filled,"$61,406 - $111,288  Annually"
Middle School Physical Education (PE) Teacher,https://www.edjoin.org/Home/JobPosting/1780705,"AIMS K12 College Prep Charter District - Oakland, Alameda County, CA",Until Filled,61882.00 - 68189.00  Bi-weekly
Special Education Teacher (Mild to Moderate Support Needs) - Elementary (2025-26 School Year),https://www.edjoin.org/Home/JobPosting/2071545,"Synergy Academies - LOS ANGELES, Los Angeles County, CA",7/1/2025 11:55 am,"$68,850 - $105,790  Annually"
2024-2025 school year - Middle School ELD Teacher/ELD Teacher on Special Assignment (Abbott),https://www.edjoin.org/Home/JobPosting/2077692,"San Mateo-Foster City School District - Foster City, San Mateo County, CA",Until Filled,"$68,577 - $116,011  Annually"
Spanish Teacher - Center High School,https://www.edjoin.org/Home/JobPosting/2077664,"Center Joint Unified School District - Antelope, Sacramento County, CA",5/9/2025 11:55 am,"$61,000 - $113,593  Annually"
Science Teacher @ Riverbend School,https://www.edjoin.org/Home/JobPosting/1974658,"Yuba City Unified School District - Yuba City, Sutter County, CA",Until Filled,Pay dependent on experience
English Teacher 2025/2026 - 1.0 FTE (#7913),https://www.edjoin.org/Home/JobPosting/2077755,"Livermore Valley Joint Unified School District - Livermore, Alameda County, CA",5/3/2025 11:55 am,Pay dependent on experience
English Teacher 2025/2026 - 1.0 FTE (#7913),https://www.edjoin.org/Home/JobPosting/2077755,"Livermore Valley Joint Unified School District - Livermore, Alameda County, CA",5/3/2025 11:55 am,Pay dependent on experience
Elementary Kindergarten Teacher 25-26 SY,https://www.edjoin.org/Home/JobPosting/2077779,"Amethod Public Schools - Richmond, Alameda County, CA",8/1/2025 11:55 am,"$65,000 - $94,500  Annually"
Transitional- Kindergarten Elementary Teacher 25-26 SY,https://www.edjoin.org/Home/JobPosting/2077774,"Amethod Public Schools - Richmond, Alameda County, CA",8/1/2025 11:55 am,"$65,000 - $94,500  Annually"
"2025-26 School Year Elective Teacher (Art, Music, Computer Science, Drama/Theater, and/or Foreign Language) at GPS!",https://www.edjoin.org/Home/JobPosting/2077858,"Growth Public Schools - Sacramento, Sacramento County, CA",Until Filled,"$62,920 - $86,570  Annually"
"Physical Education Teacher - 60%; Solis Park MS (Temporary employees, classified employees, substitutes and all others may apply on a separate EdJoin posting for general district positions by subject/credential area - if posted.)",https://www.edjoin.org/Home/JobPosting/2077868,"Irvine Unified School District - Irvine, Orange County, CA",5/3/2025 11:55 am,Pay dependent on experience
Science Teacher - Aspire Public Schools,https://www.edjoin.org/Home/JobPosting/1870221,"Aspire Public Schools - Sacramento County - Sacramento, Sacramento County, CA",Until Filled,"$66,560 - $114,206  Annually"
Transitional Kindergarten Teacher - Heredia Arriaga School,https://www.edjoin.org/Home/JobPosting/2077965,"Natomas Unified School District - Sacramento, Sacramento County, CA",Until Filled,"$56,265 - $121,338  Annually"
SUMMER SCHOOL - ADAPTED PHYSICAL EDUCATION TEACHER / District Wide,https://www.edjoin.org/Home/JobPosting/2077977,"South Pasadena Unified School District - South Pasadena, Los Angeles County, CA",5/6/2025 04:00 am,$50.00  Per Hour
Teacher (6th Grade) @ Gateway International School,https://www.edjoin.org/Home/JobPosting/2078028,"Gateway Community Charters - McClellan , Sacramento County, CA",Until Filled,"$60,000 - $108,110  Annually"
Teacher - Child Development - Dual Immersion - Spanish (Placerville Main),https://www.edjoin.org/Home/JobPosting/2077169,"El Dorado County Office of Education - Placerville, El Dorado County, CA",5/17/2025 12:00 am,"$40,189 - $64,691  Annually"
"Teacher (6th-8th Grade, English) @ Gateway International School",https://www.edjoin.org/Home/JobPosting/2078045,"Gateway Community Charters - McClellan , Sacramento County, CA",Until Filled,"$60,000 - $108,110  Annually"
Teacher Eligibility Pool: Manhood Development Facilitator - Office of Equity (2025-26),https://www.edjoin.org/Home/JobPosting/1711181,"Oakland Unified School District - Oakland, Alameda County, CA",Continuous,"$62,695.25 - $109,878.22   Annually"
Alternative Education Teacher - TK-2nd,https://www.edjoin.org/Home/JobPosting/2078109,"Red Bluff Union Elementary Sch Dist - Red Bluff, Tehama County, CA",Until Filled,Pay dependent on experience
Teacher: Algebra 1 - Madison Park Academy Middle-High School (2025-26),https://www.edjoin.org/Home/JobPosting/2062903,"Oakland Unified School District - Oakland, Alameda County, CA",Continuous,"$62,695.25 - $109,878.22   Annually"
"Teacher: English, 11th & 12th Grades - MetWest High School (2025-26)",https://www.edjoin.org/Home/JobPosting/2062908,"Oakland Unified School District - Oakland, Alameda County, CA",Continuous,"$62,695.25 - $109,878.22   Annually"
Teacher: English / Math Intervention - Sojourner Truth Independent Study (2025-26),https://www.edjoin.org/Home/JobPosting/2062916,"Oakland Unified School District - Oakland, Alameda County, CA",Continuous,"$62,695.25 - $109,878.22   Annually"
"Teacher: Special Education, Preschool Mild/Moderate SCP - Education, Preschool Mild/Moderate SCP (2025-26) Martin Luther King Early Childhood Education (2025-26)",https://www.edjoin.org/Home/JobPosting/2063993,"Oakland Unified School District - Oakland, Alameda County, CA",Continuous,"$62,695.25 - $109,878.22   Annually"
"Teacher: Special Education, Moderate/Extensive SDC - Castlemont High School (2025-26)",https://www.edjoin.org/Home/JobPosting/2064735,"Oakland Unified School District - Oakland, Alameda County, CA",Continuous,"$62,695.25 - $109,878.22   Annually"
"Teacher, Temporary: Social Science - Oakland High School (2025-26)",https://www.edjoin.org/Home/JobPosting/2072236,"Oakland Unified School District - Oakland, Alameda County, CA",Continuous,"$62,695.25 - $109,878.22   Annually"
"Teacher, SDC ESN 3rd - 4th - 2025-2026 SY - Curtner Elementary School - 105753",https://www.edjoin.org/Home/JobPosting/2078095,"Milpitas Unified School District - Milpitas, Santa Clara County, CA",Until Filled,"$76,899 - $127,558  Annually"
Teacher: Science - West Oakland Middle School (2025-26),https://www.edjoin.org/Home/JobPosting/2075797,"Oakland Unified School District - Oakland, Alameda County, CA",Continuous,"$62,695.25 - $109,878.22   Annually"
Teacher: Science: 6th/7th Grades - Westlake Middle School (2025-26),https://www.edjoin.org/Home/JobPosting/2076170,"Oakland Unified School District - Oakland, Alameda County, CA",Continuous,"$62,695.25 - $109,878.22  Annually"
2025-2026 (6-8) English Teacher- Bridgeway Island Elementary,https://www.edjoin.org/Home/JobPosting/2078117,"Washington Unified School District - W.Sac - West Sacramento, Yolo County, CA",5/10/2025 04:00 am,"$49,968 - $113,715  Annually"
"Teacher: Special Education, Visually Impaired Teacher Eligibility Pool - PEC Special Ed Local Plan Area (SELPA) (2025-26)",https://www.edjoin.org/Home/JobPosting/1936725,"Oakland Unified School District - Oakland, Alameda County, CA",Until Filled,"$62,695.25 - $109,878.22   Annually"
Teacher: 3rd-5th Grade - Fruitvale Elementary (2025-26),https://www.edjoin.org/Home/JobPosting/2075924,"Oakland Unified School District - Oakland, Alameda County, CA",Until Filled,"$62,695.25 - $109,878.22  Annually"
"Teacher Eligibility Pool: STIP Substitute, Full-Time, Site-Based Teacher (2025-26)",https://www.edjoin.org/Home/JobPosting/1702039,"Oakland Unified School District - Oakland, Alameda County, CA",Until Filled,"$62,695.25  Annually"
Special Education Teacher - Deaf & Hard of Hearing Impaired (ANTICIPATED for 2025-26 School Year),https://www.edjoin.org/Home/JobPosting/2078202,"San Benito County Office of Education - Hollister, San Benito County, CA",Until Filled,"$68,676.00 - $133,084.00  Annually"
Teacher: Transitional Kindergarten - Piedmont Avenue Elementary (2025-26),https://www.edjoin.org/Home/JobPosting/2075947,"Oakland Unified School District - Oakland, Alameda County, CA",Until Filled,"$62,695.25 - $109,878.22  Annually"
Physics/Biology Teacher(1 Year Only) - Richmond High School - Starting School Year 2025-2026,https://www.edjoin.org/Home/JobPosting/2078041,"West Contra Costa Unified School District - Richmond, Contra Costa County, CA",Until Filled,"$58,572.72 - $119,756.51  Annually"
English/ELD Teacher (0.8FTE) - Kennedy High - Starting School Year 2025-2026,https://www.edjoin.org/Home/JobPosting/2078066,"West Contra Costa Unified School District - Richmond, Contra Costa County, CA",Until Filled,"$58,572.72 - $119,756.51  Annually"
2025-26 Spanish Teacher (9-12),https://www.edjoin.org/Home/JobPosting/2077833,"Garden Grove Unified School District - Garden Grove, Orange County, CA",5/10/2025 05:00 am,"$72,504.00 - $141,634.00  Annually"
2025-26 Child Care Teacher,https://www.edjoin.org/Home/JobPosting/2077890,"Garden Grove Unified School District - Garden Grove, Orange County, CA",5/10/2025 05:00 am,"$43,350 - $104,685  Annually"
Music Teacher Elementary School - CR#1 2025-26 school year,https://www.edjoin.org/Home/JobPosting/2059945,"Belmont-Redwood Shores Elementary - Belmont, San Mateo County, CA",Until Filled,"$69,896 - $118,494  Annually"
CTE Biotechnology/Biology Teacher - Hercules High - Starting School Year 2025-2026,https://www.edjoin.org/Home/JobPosting/2078272,"West Contra Costa Unified School District - Richmond, Contra Costa County, CA",Until Filled,"$58,572.72 - $119,756.51  Annually"
English Language Development ( ELD ) Teacher ( 2024-25 School Year),https://www.edjoin.org/Home/JobPosting/2035970,"Alliance College-Ready Public Schools - Los Angeles, Los Angeles County, CA",Until Filled,"$70,000 - $130,000  Annually"
Special Education Teacher (Co-Teaching) 2025-2026 School Year,https://www.edjoin.org/Home/JobPosting/2077654,"Birmingham Community Charter High School - Lake Balboa, Los Angeles County, CA",5/17/2025 04:00 am,Pay dependent on experience
Music Teacher (Elementary School) [Eligibility Pool],https://www.edjoin.org/Home/JobPosting/2077656,"Huntington Beach City School District - Huntington Beach, Orange County, CA",5/1/2025 11:55 am,"$58,666.00 - $102,388.00  Annually"
"Special Education Teacher, Secondary (2025-26 School Year)",https://www.edjoin.org/Home/JobPosting/2052396,"Synergy Academies - LOS ANGELES, Los Angeles County, CA",7/1/2025 11:55 am,"68,850 - 105,790  Annually"
Transitional Kindergarten (TK) Teacher (2025-26 School Year),https://www.edjoin.org/Home/JobPosting/2056525,"Synergy Academies - LOS ANGELES, Los Angeles County, CA",6/3/2025 11:55 am,"$68,860 - $105,790  Annually"
SDC Moderate/Severe Teacher 1.0 FTE (#7898),https://www.edjoin.org/Home/JobPosting/2077710,"Livermore Valley Joint Unified School District - Livermore, Alameda County, CA",Until Filled,Pay dependent on experience
Elementary School Teacher's Assistant,https://www.edjoin.org/Home/JobPosting/2005895,"AIMS K12 College Prep Charter District - Oakland, Alameda County, CA",Until Filled,"$49,342.00 - 52,369.80   Annually"
High School Special Education Teacher,https://www.edjoin.org/Home/JobPosting/1883798,"AIMS K12 College Prep Charter District - Oakland, Alameda County, CA",Until Filled,61882.00 - 68189.00  Annually
"Elementary Teacher - 4th Grade, American Lakes School",https://www.edjoin.org/Home/JobPosting/2077745,"Natomas Unified School District - Sacramento, Sacramento County, CA",Until Filled,"$56,265 - $121,338  Annually"
"Math/Science Teacher - Aspire Public Schools (Stockton, Modesto, Sacramento)",https://www.edjoin.org/Home/JobPosting/1888041,"Aspire Public Schools - San Joaquin County - Stockton, San Joaquin County, CA",Until Filled,Pay dependent on experience
Long Term Substitute Teacher $240/day (applicant pool 25-26 SY),https://www.edjoin.org/Home/JobPosting/2007802,"REAL Journey Academies (K-12 Public Charter Schools) - Ontario, San Bernardino County, CA",Continuous,$240  Daily
P.E. Teacher -Natomas High School 2025-2026,https://www.edjoin.org/Home/JobPosting/2031921,"Natomas Unified School District - Sacramento, Sacramento County, CA",Until Filled,"$56,265 - $121,338  Annually"
Special Education Teacher Mild/Mod Support Needs at Big Bear Middle School,https://www.edjoin.org/Home/JobPosting/2077822,"Bear Valley Unified - Big Bear Lake, San Bernardino County, CA",Until Filled,"$64,526.00 - $127,992.00  Annually"
English/History Teacher - Aspire Public Schools,https://www.edjoin.org/Home/JobPosting/2044410,"Aspire Public Schools - San Joaquin County - Stockton, San Joaquin County, CA",Until Filled,Pay dependent on experience
Music/VAPA Teacher - Aspire River Oaks Charter Schools,https://www.edjoin.org/Home/JobPosting/2053964,"Aspire Public Schools - San Joaquin County - Stockton, San Joaquin County, CA",Until Filled,"$68,640 - $114,245  Annually"
Art Teacher - Los Arboles Middle School - 25/26 School year,https://www.edjoin.org/Home/JobPosting/2077838,"Monterey Peninsula Unified School District - Monterey, Monterey County, CA",Until Filled,Pay dependent on experience
"World Language Teacher, Spanish - American Lakes School",https://www.edjoin.org/Home/JobPosting/2077828,"Natomas Unified School District - Sacramento, Sacramento County, CA",Until Filled,"$56, 265 - $121,338  Annually"
(SIGN ON BONUS) Special Education Teacher - Long Beach,https://www.edjoin.org/Home/JobPosting/2077845,"Assurance Learning Academy - , Los Angeles County, CA",Until Filled,"$79,500 - $100,700  Annually"
Teacher Librarian- 0.7 FTE - Garfield Elementary (2025-26),https://www.edjoin.org/Home/JobPosting/2077862,"Oakland Unified School District - Oakland, Alameda County, CA",Until Filled,"52,905.14 - 98,980.20  Annually"
Math Teacher- Aspire Public Schools (Modesto),https://www.edjoin.org/Home/JobPosting/1251595,"Aspire Public Schools - Stanislaus County - Modesto, Stanislaus County, CA",Until Filled,Pay dependent on experience
Tech Art Teacher,https://www.edjoin.org/Home/JobPosting/2052472,"Aspire Public Schools - Sacramento County - Sacramento, Sacramento County, CA",Until Filled,"$68,640 - $114,245  Annually"
"Art Teacher - Aspire Public School, Modesto",https://www.edjoin.org/Home/JobPosting/2023483,"Aspire Public Schools - Stanislaus County - Modesto, Stanislaus County, CA",Until Filled,"$66,560 - $114,245  Annually"
Mathematics Teacher,https://www.edjoin.org/Home/JobPosting/2078026,"Rim Of The World Unified - Crestline, San Bernardino County, CA",5/9/2025 11:55 am,"$51,996 (intern) - $124,401  Annually"
Elementary English Teacher,https://www.edjoin.org/Home/JobPosting/1918195,"Yu Ming Charter School - Oakland, Alameda County, CA",Until Filled,62150 - 97320  Annually
Summer School - Teacher in Charge,https://www.edjoin.org/Home/JobPosting/2077953,"Columbia Elementary School District - Redding, Shasta County, CA",5/9/2025 09:00 pm,$425  Daily
Summer School - Teacher,https://www.edjoin.org/Home/JobPosting/2077964,"Columbia Elementary School District - Redding, Shasta County, CA",5/9/2025 08:00 pm,$80.00  Per Hour
